command_id,officer_id,rank
201,401,NA
201,402,4
201,403,NA
201,404,9
201,405,NA
201,406,NA
201,407,NA
201,408,NA
201,409,NA
201,410,NA
201,411,13
201,412,1
201,413,NA
201,414,NA
201,415,NA
201,416,1
201,417,20
201,418,10
201,419,NA
201,420,NA
201,421,NA
201,422,1
201,423,NA
201,424,NA
201,425,NA
201,426,NA
201,427,NA
201,428,18
201,429,NA
201,430,NA
201,431,NA
201,432,NA
201,433,NA
201,434,9
201,435,NA
201,436,NA
201,437,5
201,438,NA
201,439,NA
201,440,NA
201,441,NA
201,442,NA
201,443,NA
201,444,NA
201,445,1
201,446,NA
202,401,NA
202,402,NA
202,403,5
202,404,NA
202,405,NA
202,406,NA
202,407,8
202,408,NA
202,409,NA
202,410,NA
202,411,6
202,412,3
202,413,NA
202,414,NA
202,415,NA
202,416,11
202,417,17
202,418,11
202,419,NA
202,420,NA
202,421,NA
202,422,NA
202,423,NA
202,424,NA
202,425,NA
202,426,NA
202,427,NA
202,428,10
202,429,NA
202,430,NA
202,431,NA
202,432,NA
202,433,NA
202,434,NA
202,435,NA
202,436,NA
202,437,NA
202,438,NA
202,439,NA
202,440,NA
202,441,NA
202,442,1
202,443,NA
202,444,NA
202,445,3
202,446,NA
203,401,NA
203,402,NA
203,403,NA
203,404,NA
203,405,NA
203,406,NA
203,407,NA
203,408,NA
203,409,NA
203,410,NA
203,411,8
203,412,NA
203,413,7
203,414,NA
203,415,NA
203,416,13
203,417,18
203,418,NA
203,419,NA
203,420,NA
203,421,NA
203,422,NA
203,423,NA
203,424,NA
203,425,NA
203,426,NA
203,427,NA
203,428,2
203,429,NA
203,430,NA
203,431,NA
203,432,NA
203,433,NA
203,434,NA
203,435,NA
203,436,NA
203,437,NA
203,438,NA
203,439,NA
203,440,NA
203,441,NA
203,442,14
203,443,NA
203,444,NA
203,445,10
203,446,NA
204,401,NA
204,402,NA
204,403,NA
204,404,NA
204,405,NA
204,406,NA
204,407,NA
204,408,NA
204,409,NA
204,410,NA
204,411,7
204,412,NA
204,413,6
204,414,NA
204,415,NA
204,416,12
204,417,19
204,418,NA
204,419,NA
204,420,NA
204,421,NA
204,422,NA
204,423,NA
204,424,NA
204,425,NA
204,426,NA
204,427,NA
204,428,1
204,429,NA
204,430,NA
204,431,NA
204,432,NA
204,433,NA
204,434,NA
204,435,NA
204,436,NA
204,437,NA
204,438,NA
204,439,NA
204,440,NA
204,441,NA
204,442,10
204,443,NA
204,444,NA
204,445,11
204,446,NA
205,401,NA
205,402,NA
205,403,NA
205,404,5
205,405,NA
205,406,NA
205,407,4
205,408,NA
205,409,NA
205,410,NA
205,411,14
205,412,NA
205,413,NA
205,414,NA
205,415,NA
205,416,14
205,417,16
205,418,9
205,419,9
205,420,NA
205,421,NA
205,422,4
205,423,NA
205,424,NA
205,425,NA
205,426,NA
205,427,NA
205,428,11
205,429,NA
205,430,NA
205,431,NA
205,432,NA
205,433,NA
205,434,8
205,435,NA
205,436,8
205,437,NA
205,438,NA
205,439,NA
205,440,NA
205,441,NA
205,442,NA
205,443,NA
205,444,NA
205,445,2
205,446,8
206,401,NA
206,402,2
206,403,NA
206,404,6
206,405,NA
206,406,2
206,407,5
206,408,NA
206,409,3
206,410,NA
206,411,15
206,412,NA
206,413,9
206,414,NA
206,415,NA
206,416,15
206,417,7
206,418,4
206,419,7
206,420,NA
206,421,NA
206,422,6
206,423,NA
206,424,NA
206,425,NA
206,426,NA
206,427,NA
206,428,8
206,429,NA
206,430,NA
206,431,NA
206,432,NA
206,433,NA
206,434,5
206,435,NA
206,436,6
206,437,NA
206,438,NA
206,439,NA
206,440,NA
206,441,NA
206,442,NA
206,443,NA
206,444,NA
206,445,NA
206,446,NA
207,401,NA
207,402,1
207,403,NA
207,404,7
207,405,NA
207,406,1
207,407,6
207,408,NA
207,409,4
207,410,NA
207,411,16
207,412,NA
207,413,NA
207,414,5
207,415,11
207,416,16
207,417,6
207,418,6
207,419,8
207,420,NA
207,421,NA
207,422,7
207,423,NA
207,424,NA
207,425,NA
207,426,4
207,427,NA
207,428,7
207,429,NA
207,430,NA
207,431,NA
207,432,NA
207,433,NA
207,434,6
207,435,NA
207,436,5
207,437,NA
207,438,NA
207,439,NA
207,440,NA
207,441,NA
207,442,NA
207,443,NA
207,444,NA
207,445,NA
207,446,NA
208,401,NA
208,402,3
208,403,NA
208,404,8
208,405,NA
208,406,3
208,407,7
208,408,NA
208,409,5
208,410,NA
208,411,17
208,412,NA
208,413,10
208,414,NA
208,415,NA
208,416,17
208,417,8
208,418,7
208,419,NA
208,420,NA
208,421,NA
208,422,5
208,423,NA
208,424,NA
208,425,6
208,426,NA
208,427,NA
208,428,9
208,429,NA
208,430,NA
208,431,NA
208,432,NA
208,433,NA
208,434,7
208,435,NA
208,436,4
208,437,NA
208,438,NA
208,439,NA
208,440,NA
208,441,NA
208,442,NA
208,443,NA
208,444,NA
208,445,NA
208,446,NA
209,401,1
209,402,NA
209,403,NA
209,404,1
209,405,1
209,406,7
209,407,3
209,408,1
209,409,2
209,410,3
209,411,11
209,412,NA
209,413,15
209,414,3
209,415,5
209,416,10
209,417,4
209,418,13
209,419,3
209,420,1
209,421,5
209,422,NA
209,423,4
209,424,1
209,425,5
209,426,NA
209,427,1
209,428,14
209,429,9
209,430,7
209,431,NA
209,432,9
209,433,2
209,434,1
209,435,NA
209,436,NA
209,437,NA
209,438,1
209,439,7
209,440,1
209,441,6
209,442,7
209,443,6
209,444,4
209,445,6
209,446,3
210,401,3
210,402,NA
210,403,2
210,404,4
210,405,NA
210,406,5
210,407,1
210,408,2
210,409,NA
210,410,5
210,411,10
210,412,2
210,413,8
210,414,1
210,415,1
210,416,2
210,417,5
210,418,5
210,419,5
210,420,NA
210,421,7
210,422,2
210,423,1
210,424,3
210,425,2
210,426,2
210,427,NA
210,428,19
210,429,5
210,430,1
210,431,NA
210,432,8
210,433,NA
210,434,2
210,435,NA
210,436,NA
210,437,NA
210,438,3
210,439,3
210,440,5
210,441,5
210,442,3
210,443,1
210,444,1
210,445,4
210,446,4
211,401,NA
211,402,5
211,403,NA
211,404,NA
211,405,NA
211,406,NA
211,407,2
211,408,NA
211,409,NA
211,410,NA
211,411,18
211,412,NA
211,413,14
211,414,NA
211,415,NA
211,416,NA
211,417,15
211,418,2
211,419,NA
211,420,NA
211,421,NA
211,422,NA
211,423,NA
211,424,NA
211,425,NA
211,426,NA
211,427,NA
211,428,12
211,429,8
211,430,NA
211,431,NA
211,432,10
211,433,NA
211,434,NA
211,435,NA
211,436,NA
211,437,NA
211,438,NA
211,439,NA
211,440,NA
211,441,NA
211,442,NA
211,443,7
211,444,NA
211,445,NA
211,446,NA
212,401,2
212,402,NA
212,403,3
212,404,3
212,405,2
212,406,4
212,407,NA
212,408,NA
212,409,NA
212,410,1
212,411,3
212,412,4
212,413,2
212,414,4
212,415,12
212,416,3
212,417,13
212,418,12
212,419,NA
212,420,NA
212,421,6
212,422,NA
212,423,5
212,424,4
212,425,7
212,426,NA
212,427,2
212,428,16
212,429,6
212,430,NA
212,431,NA
212,432,7
212,433,NA
212,434,4
212,435,NA
212,436,NA
212,437,NA
212,438,2
212,439,4
212,440,4
212,441,NA
212,442,4
212,443,NA
212,444,3
212,445,5
212,446,5
213,401,4
213,402,NA
213,403,NA
213,404,NA
213,405,NA
213,406,NA
213,407,NA
213,408,NA
213,409,NA
213,410,NA
213,411,2
213,412,5
213,413,3
213,414,NA
213,415,8
213,416,6
213,417,14
213,418,NA
213,419,NA
213,420,NA
213,421,NA
213,422,NA
213,423,8
213,424,NA
213,425,NA
213,426,NA
213,427,NA
213,428,4
213,429,7
213,430,NA
213,431,NA
213,432,5
213,433,NA
213,434,NA
213,435,NA
213,436,NA
213,437,NA
213,438,NA
213,439,NA
213,440,3
213,441,NA
213,442,9
213,443,NA
213,444,10
213,445,12
213,446,11
214,401,5
214,402,NA
214,403,NA
214,404,NA
214,405,NA
214,406,NA
214,407,NA
214,408,NA
214,409,NA
214,410,NA
214,411,1
214,412,6
214,413,1
214,414,NA
214,415,9
214,416,8
214,417,12
214,418,NA
214,419,NA
214,420,NA
214,421,NA
214,422,NA
214,423,9
214,424,NA
214,425,NA
214,426,NA
214,427,NA
214,428,3
214,429,NA
214,430,NA
214,431,NA
214,432,6
214,433,3
214,434,NA
214,435,NA
214,436,NA
214,437,NA
214,438,NA
214,439,NA
214,440,2
214,441,NA
214,442,13
214,443,NA
214,444,8
214,445,13
214,446,10
215,401,9
215,402,NA
215,403,NA
215,404,NA
215,405,NA
215,406,NA
215,407,NA
215,408,NA
215,409,NA
215,410,NA
215,411,20
215,412,NA
215,413,NA
215,414,NA
215,415,10
215,416,NA
215,417,11
215,418,NA
215,419,NA
215,420,NA
215,421,NA
215,422,NA
215,423,10
215,424,NA
215,425,1
215,426,NA
215,427,NA
215,428,20
215,429,NA
215,430,NA
215,431,NA
215,432,NA
215,433,NA
215,434,10
215,435,NA
215,436,NA
215,437,NA
215,438,4
215,439,NA
215,440,NA
215,441,NA
215,442,11
215,443,8
215,444,NA
215,445,NA
215,446,7
216,401,6
216,402,6
216,403,NA
216,404,2
216,405,NA
216,406,6
216,407,NA
216,408,NA
216,409,1
216,410,NA
216,411,12
216,412,NA
216,413,11
216,414,2
216,415,7
216,416,18
216,417,1
216,418,8
216,419,1
216,420,NA
216,421,1
216,422,8
216,423,2
216,424,2
216,425,3
216,426,3
216,427,NA
216,428,13
216,429,NA
216,430,4
216,431,2
216,432,4
216,433,1
216,434,3
216,435,4
216,436,3
216,437,NA
216,438,NA
216,439,1
216,440,6
216,441,3
216,442,6
216,443,5
216,444,2
216,445,8
216,446,1
217,401,NA
217,402,NA
217,403,4
217,404,NA
217,405,NA
217,406,NA
217,407,NA
217,408,NA
217,409,NA
217,410,NA
217,411,19
217,412,NA
217,413,12
217,414,NA
217,415,2
217,416,4
217,417,3
217,418,3
217,419,NA
217,420,NA
217,421,NA
217,422,NA
217,423,NA
217,424,6
217,425,NA
217,426,NA
217,427,NA
217,428,17
217,429,1
217,430,3
217,431,5
217,432,11
217,433,NA
217,434,NA
217,435,NA
217,436,7
217,437,4
217,438,NA
217,439,8
217,440,NA
217,441,NA
217,442,5
217,443,NA
217,444,6
217,445,9
217,446,6
218,401,NA
218,402,7
218,403,1
218,404,10
218,405,NA
218,406,8
218,407,NA
218,408,NA
218,409,NA
218,410,4
218,411,9
218,412,9
218,413,13
218,414,NA
218,415,6
218,416,5
218,417,2
218,418,1
218,419,2
218,420,NA
218,421,2
218,422,3
218,423,3
218,424,5
218,425,4
218,426,NA
218,427,NA
218,428,15
218,429,3
218,430,2
218,431,3
218,432,3
218,433,NA
218,434,11
218,435,1
218,436,NA
218,437,3
218,438,NA
218,439,2
218,440,NA
218,441,4
218,442,2
218,443,4
218,444,5
218,445,7
218,446,2
219,401,7
219,402,NA
219,403,NA
219,404,NA
219,405,3
219,406,NA
219,407,NA
219,408,NA
219,409,NA
219,410,2
219,411,5
219,412,7
219,413,5
219,414,NA
219,415,3
219,416,7
219,417,10
219,418,NA
219,419,4
219,420,NA
219,421,3
219,422,NA
219,423,6
219,424,NA
219,425,NA
219,426,1
219,427,NA
219,428,6
219,429,2
219,430,6
219,431,4
219,432,1
219,433,NA
219,434,NA
219,435,2
219,436,1
219,437,2
219,438,NA
219,439,5
219,440,NA
219,441,1
219,442,8
219,443,2
219,444,7
219,445,14
219,446,9
220,401,8
220,402,NA
220,403,NA
220,404,NA
220,405,4
220,406,NA
220,407,NA
220,408,NA
220,409,NA
220,410,6
220,411,4
220,412,8
220,413,4
220,414,NA
220,415,4
220,416,9
220,417,9
220,418,NA
220,419,6
220,420,NA
220,421,4
220,422,NA
220,423,7
220,424,NA
220,425,NA
220,426,NA
220,427,NA
220,428,5
220,429,4
220,430,5
220,431,1
220,432,2
220,433,4
220,434,NA
220,435,3
220,436,2
220,437,1
220,438,NA
220,439,6
220,440,NA
220,441,2
220,442,12
220,443,3
220,444,9
220,445,15
220,446,8
